<?xml version="1.0" encoding="utf-8"?>
<extension type="module" version="2.5" client="site" method="upgrade">
	<name>Articles Categories Plus (sohopros)</name>
	<author>Joomla! Project</author>
	<creationDate>February 2010</creationDate>
	<copyright>Copyright (C) 2005 - 2013 Open Source Matters. All rights reserved.</copyright>
	<license>GNU General Public License version 2 or later; see LICENSE.txt</license>
	<authorEmail>admin@joomla.org</authorEmail>
	<authorUrl>www.joomla.org</authorUrl>
	<version>2.5.0</version>
	<description>mod_articles_category_plus_XML_DESCRIPTION</description>
	<files>
		<filename module="mod_articles_category_plus">mod_articles_category_plus.php</filename>
		<folder>tmpl</folder>
		<folder>css</folder>
		<filename>helper.php</filename>
		<filename>index.html</filename>
		<filename>mod_articles_category_plus.xml</filename>
	</files>
	<languages>
		<language tag="en-GB">en-GB.mod_articles_category_plus.ini</language>
		<language tag="en-GB">en-GB.mod_articles_category_plus.sys.ini</language>
	</languages>
	<help key="JHELP_EXTENSIONS_MODULE_MANAGER_ARTICLES_CATEGORY" />
	<config>
		<fields name="params">
			<fieldset name="basic">
				<field name="mode" type="radio" default="normal"
					label="mod_articles_category_plus_FIELD_MODE_LABEL"
					description="mod_articles_category_plus_FIELD_MODE_DESC"
				>
					<option value="normal">mod_articles_category_plus_OPTION_NORMAL_VALUE
					</option>
					<option value="dynamic">mod_articles_category_plus_OPTION_DYNAMIC_VALUE
					</option>
				</field>
			</fieldset>

			<fieldset name="dynamic"
				label="mod_articles_category_plus_FIELD_GROUP_DYNAMIC_LABEL"
			>
				<field name="show_on_article_page" type="radio"
					default="1"
					label="mod_articles_category_plus_FIELD_SHOWONARTICLEPAGE_LABEL"
					description="mod_articles_category_plus_FIELD_SHOWONARTICLEPAGE_DESC"
				>
					<option value="1">JSHOW</option>
					<option value="0">JHIDE</option>
				</field>
			</fieldset>

			<fieldset name="filtering"
				label="mod_articles_category_plus_FIELD_GROUP_FILTERING_LABEL"
			>
				<field name="show_front" type="radio" default="show"
					label="mod_articles_category_plus_FIELD_SHOWFEATURED_LABEL"
					description="mod_articles_category_plus_FIELD_SHOWFEATURED_DESC"
				>
					<option value="show">JSHOW
					</option>
					<option value="hide">JHIDE
					</option>
					<option value="only">mod_articles_category_plus_OPTION_ONLYFEATURED_VALUE
					</option>
				</field>

				<field name="count" type="text" default="0"
					label="mod_articles_category_plus_FIELD_COUNT_LABEL"
					description="mod_articles_category_plus_FIELD_COUNT_DESC" />

				<field name="filteringspacer1" type="spacer" hr="true" />

				<field name="category_filtering_type" type="radio"
					default="1"
					label="mod_articles_category_plus_FIELD_CATFILTERINGTYPE_LABEL"
					description="mod_articles_category_plus_FIELD_CATFILTERINGTYPE_DESC"
				>
					<option value="1">mod_articles_category_plus_OPTION_INCLUSIVE_VALUE
					</option>
					<option value="0">mod_articles_category_plus_OPTION_EXCLUSIVE_VALUE
					</option>
				</field>

				<field name="catid" type="category" extension="com_content"
					multiple="true" size="5"
					label="JCATEGORY"
					description="mod_articles_category_plus_FIELD_CATEGORY_DESC"
				>
					<option value="">JOPTION_ALL_CATEGORIES</option>
				</field>

				<field name="show_child_category_articles" type="radio"
					default="0"
					label="mod_articles_category_plus_FIELD_SHOWCHILDCATEGORYARTICLES_LABEL"
					description="mod_articles_category_plus_FIELD_SHOWCHILDCATEGORYARTICLES_DESC"
				>
					<option value="1">mod_articles_category_plus_OPTION_INCLUDE_VALUE
					</option>
					<option value="0">mod_articles_category_plus_OPTION_EXCLUDE_VALUE
					</option>
				</field>

				<field name="levels" type="text" default="1"
					label="mod_articles_category_plus_FIELD_CATDEPTH_LABEL"
					description="mod_articles_category_plus_FIELD_CATDEPTH_DESC" />

				<field name="filteringspacer2" type="spacer" hr="true" />

				<field name="author_filtering_type" type="radio"
					default="1"
					label="mod_articles_category_plus_FIELD_AUTHORFILTERING_LABEL"
					description="mod_articles_category_plus_FIELD_AUTHORFILTERING_DESC"
				>
					<option value="1">mod_articles_category_plus_OPTION_INCLUSIVE_VALUE
					</option>
					<option value="0">mod_articles_category_plus_OPTION_EXCLUSIVE_VALUE
					</option>
				</field>

				<field name="created_by" type="sql"
					multiple="true" size="5"
					label="mod_articles_category_plus_FIELD_AUTHOR_LABEL"
					description="mod_articles_category_plus_FIELD_AUTHOR_DESC"
					query="select id, name, username from #__users where id IN (select distinct(created_by) from #__content) order by name ASC"
					key_field="id" value_field="name"
				>
					<option value="">JOPTION_SELECT_AUTHORS</option>
				</field>

				<field name="filteringspacer3" type="spacer" hr="true" />

				<field name="author_alias_filtering_type" type="radio"
					default="1"
					label="mod_articles_category_plus_FIELD_AUTHORALIASFILTERING_LABEL"
					description="mod_articles_category_plus_FIELD_AUTHORALIASFILTERING_DESC"
				>
					<option value="1">mod_articles_category_plus_OPTION_INCLUSIVE_VALUE
					</option>
					<option value="0">mod_articles_category_plus_OPTION_EXCLUSIVE_VALUE
					</option>
				</field>

				<field name="created_by_alias" type="sql"
					multiple="true" size="5"
					label="mod_articles_category_plus_FIELD_AUTHORALIAS_LABEL"
					description="mod_articles_category_plus_FIELD_AUTHORALIAS_DESC"
					query="select distinct(created_by_alias) from #__content where created_by_alias != '' order by created_by_alias ASC"
					key_field="created_by_alias" value_field="created_by_alias"
				>
					<option value="">JOPTION_SELECT_AUTHOR_ALIASES
					</option>
				</field>

				<field name="filteringspacer4" type="spacer" hr="true" />

				<field name="excluded_articles" type="textarea"
					cols="10" rows="3"
					label="mod_articles_category_plus_FIELD_EXCLUDEDARTICLES_LABEL"
					description="mod_articles_category_plus_FIELD_EXCLUDEDARTICLES_DESC" />

				<field name="filteringspacer5" type="spacer" hr="true" />

				<field name="filteringspacer6" type="spacer" hr="true" />

				<field name="date_filtering" type="radio" default="off"
					label="mod_articles_category_plus_FIELD_DATEFILTERING_LABEL"
					description="mod_articles_category_plus_FIELD_DATEFILTERING_DESC"
				>
					<option value="off">mod_articles_category_plus_OPTION_OFF_VALUE
					</option>
					<option value="range">mod_articles_category_plus_OPTION_DATERANGE_VALUE
					</option>
					<option value="relative">mod_articles_category_plus_OPTION_RELATIVEDAY_VALUE
					</option>
				</field>

				<field name="date_field" type="list" default="a.created"
					label="mod_articles_category_plus_FIELD_DATERANGEFIELD_LABEL"
					description="mod_articles_category_plus_FIELD_DATERANGEFIELD_DESC"
				>
					<option value="a.created">mod_articles_category_plus_OPTION_CREATED_VALUE
					</option>
					<option value="a.modified">mod_articles_category_plus_OPTION_MODIFIED_VALUE
					</option>
					<option value="a.publish_up">mod_articles_category_plus_OPTION_STARTPUBLISHING_VALUE
					</option>
				</field>

				<field name="start_date_range" type="calendar"
					format="%Y-%m-%d %H:%M:%S"
					label="mod_articles_category_plus_FIELD_STARTDATE_LABEL"
					description="mod_articles_category_plus_FIELD_STARTDATE_DESC"
					size="22"
					filter="user_utc" />

				<field name="end_date_range" type="calendar"
					format="%Y-%m-%d %H:%M:%S"
					label="mod_articles_category_plus_FIELD_ENDDATE_LABEL"
					description="mod_articles_category_plus_FIELD_ENDDATE_DESC"
					size="22"
					filter="user_utc" />

				<field name="relative_date" type="text" default="30"
					label="mod_articles_category_plus_FIELD_RELATIVEDATE_LABEL"
					description="mod_articles_category_plus_FIELD_RELATIVEDATE_DESC" />
			</fieldset>

			<fieldset name="ordering"
				label="mod_articles_category_plus_FIELD_GROUP_ORDERING_LABEL"
			>
				<field name="article_ordering" type="list"
					default="a.title"
					label="mod_articles_category_plus_FIELD_ARTICLEORDERING_LABEL"
					description="mod_articles_category_plus_FIELD_ARTICLEORDERING_DESC"
				>
					<option value="a.ordering">mod_articles_category_plus_OPTION_ORDERING_VALUE
					</option>
					<option value="fp.ordering">mod_articles_category_plus_OPTION_ORDERINGFEATURED_VALUE
					</option>
					<option value="a.hits">mod_articles_category_plus_OPTION_HITS_VALUE
					</option>
					<option value="a.title">JGLOBAL_TITLE
					</option>
					<option value="a.id">mod_articles_category_plus_OPTION_ID_VALUE
					</option>
					<option value="a.alias">JFIELD_ALIAS_LABEL
					</option>
					<option value="a.created">mod_articles_category_plus_OPTION_CREATED_VALUE
					</option>
					<option value="modified">mod_articles_category_plus_OPTION_MODIFIED_VALUE
					</option>
					<option value="publish_up">mod_articles_category_plus_OPTION_STARTPUBLISHING_VALUE
					</option>
					<option value="a.publish_down">mod_articles_category_plus_OPTION_FINISHPUBLISHING_VALUE
					</option>
				</field>

				<field name="article_ordering_direction" type="list"
					default="ASC"
					label="mod_articles_category_plus_FIELD_ARTICLEORDERINGDIR_LABEL"
					description="mod_articles_category_plus_FIELD_ARTICLEORDERINGDIR_DESC"
				>
					<option value="DESC">mod_articles_category_plus_OPTION_DESCENDING_VALUE
					</option>
					<option value="ASC">mod_articles_category_plus_OPTION_ASCENDING_VALUE
					</option>
				</field>
			</fieldset>

			<!--<fieldset name="grouping"
				label="mod_articles_category_plus_FIELD_GROUP_GROUPING_LABEL"
			>
				<field name="article_grouping" type="list"
					default="none"
					label="mod_articles_category_plus_FIELD_ARTICLEGROUPING_LABEL"
					description="mod_articles_category_plus_FIELD_ARTICLEGROUPING_DESC"
				>
					<option value="none">JNONE
					</option>
					<option value="year">mod_articles_category_plus_OPTION_YEAR_VALUE
					</option>
					<option value="month_year">mod_articles_category_plus_OPTION_MONTHYEAR_VALUE
					</option>
					<option value="author">JAUTHOR
					</option>
					<option value="category_title">JCATEGORY
					</option>
				</field>

				<field name="article_grouping_direction" type="list"
					default="ksort"
					label="mod_articles_category_plus_FIELD_ARTICLEGROUPINGDIR_LABEL"
					description="mod_articles_category_plus_FIELD_ARTICLEGROUPINGDIR_DESC"
				>
					<option value="krsort">mod_articles_category_plus_OPTION_DESCENDING_VALUE
					</option>
					<option value="ksort">mod_articles_category_plus_OPTION_ASCENDING_VALUE
					</option>
				</field>

				<field name="month_year_format" type="text"
					default="F Y"
					label="mod_articles_category_plus_FIELD_MONTHYEARFORMAT_LABEL"
					description="mod_articles_category_plus_FIELD_MONTHYEARFORMAT_DESC" />
			</fieldset>-->

			<fieldset name="display"
				label="mod_articles_category_plus_FIELD_GROUP_DISPLAY_LABEL"
			>
				<field name="item_heading" type="list" default="4"
					label="mod_articles_category_plus_TITLE_HEADING"
					description="mod_articles_category_plus_TITLE_HEADING_DESCRIPTION"
				>
					<option value="1">JH1</option>
					<option value="2">JH2</option>
					<option value="3">JH3</option>
					<option value="4">JH4</option>
					<option value="5">JH5</option>
					<option value="6">JH6</option>
				</field>

				<field name="link_titles" type="radio" default="1"
					label="mod_articles_category_plus_FIELD_LINKTITLES_LABEL"
					description="mod_articles_category_plus_FIELD_LINKTITLES_DESC"
				>
					<option value="1">JYES
					</option>
					<option value="0">JNO
					</option>
				</field>

				<field name="show_date" type="radio" default="0"
					label="JDATE"
					description="mod_articles_category_plus_FIELD_SHOWDATE_DESC"
				>
					<option value="1">JSHOW
					</option>
					<option value="0">JHIDE
					</option>
				</field>

				<field name="show_date_field" type="list" default="created"
					label="mod_articles_category_plus_FIELD_DATEFIELD_LABEL"
					description="mod_articles_category_plus_FIELD_DATEFIELD_DESC"
				>
					<option value="created">mod_articles_category_plus_OPTION_CREATED_VALUE
					</option>
					<option value="modified">mod_articles_category_plus_OPTION_MODIFIED_VALUE
					</option>
					<option value="publish_up">mod_articles_category_plus_OPTION_STARTPUBLISHING_VALUE
					</option>
				</field>

				<field name="show_date_format" type="text"
					default="Y-m-d H:i:s"
					label="mod_articles_category_plus_FIELD_DATEFIELDFORMAT_LABEL"
					description="mod_articles_category_plus_FIELD_DATEFIELDFORMAT_DESC" />

				<field name="show_category" type="radio" default="0"
					label="JCATEGORY"
					description="mod_articles_category_plus_FIELD_SHOWCATEGORY_DESC"
				>
					<option value="1">JSHOW
					</option>
					<option value="0">JHIDE
					</option>
				</field>

				<field name="show_hits" type="radio" default="0"
					label="mod_articles_category_plus_FIELD_SHOWHITS_LABEL"
					description="mod_articles_category_plus_FIELD_SHOWHITS_DESC"
				>
					<option value="1">JSHOW
					</option>
					<option value="0">JHIDE
					</option>
				</field>

				<field name="show_author" type="radio" default="0"
					label="JAUTHOR"
					description="mod_articles_category_plus_FIELD_SHOWAUTHOR_DESC"
				>
					<option value="1">JSHOW
					</option>
					<option value="0">JHIDE
					</option>
				</field>

				<field name="show_introtext" type="radio" default="0"
					label="mod_articles_category_plus_FIELD_SHOWINTROTEXT_LABEL"
					description="mod_articles_category_plus_FIELD_SHOWINTROTEXT_DESC"
				>
					<option value="1">JSHOW
					</option>
					<option value="0">JHIDE
					</option>
				</field>

				<field name="introtext_limit" type="text" default="100"
					label="mod_articles_category_plus_FIELD_INTROTEXTLIMIT_LABEL"
					description="mod_articles_category_plus_FIELD_INTROTEXTLIMIT_DESC" />

				<field
					name="show_readmore"
					label="JGLOBAL_SHOW_READMORE_LABEL"
					description="JGLOBAL_SHOW_READMORE_DESC"
					type="radio"
					default="0"
				>
					<option value="1">JSHOW
					</option>
					<option value="0">JHIDE
					</option>
				</field>

				<field
					name="show_readmore_title"
					label="JGLOBAL_SHOW_READMORE_TITLE_LABEL"
					description="JGLOBAL_SHOW_READMORE_TITLE_DESC"
					type="radio"
					default="1"
				>
					<option value="1">JSHOW</option>
					<option value="0">JHIDE</option>
				</field>

				<field
					name="readmore_limit"
					type="text"
					default="15"
					label="JGLOBAL_SHOW_READMORE_LIMIT_LABEL"
					description="JGLOBAL_SHOW_READMORE_LIMIT_DESC"
				/>

			</fieldset>

			<fieldset name="advanced">
				<field name="layout" type="modulelayout"
					label="JFIELD_ALT_LAYOUT_LABEL" description="JFIELD_ALT_MODULE_LAYOUT_DESC" />

				<field name="moduleclass_sfx" type="text"
					label="COM_MODULES_FIELD_MODULECLASS_SFX_LABEL"
					description="COM_MODULES_FIELD_MODULECLASS_SFX_DESC" />

				<field name="owncache" type="list" default="1"
					label="COM_MODULES_FIELD_CACHING_LABEL" description="COM_MODULES_FIELD_CACHING_DESC" >
					<option value="1">JGLOBAL_USE_GLOBAL</option>
					<option value="0">COM_MODULES_FIELD_VALUE_NOCACHING
					</option>
				</field>

				<field name="cache_time" type="text" default="900"
					label="COM_MODULES_FIELD_CACHE_TIME_LABEL" description="COM_MODULES_FIELD_CACHE_TIME_DESC" />

                <field name="plugincode" type="textarea" default="" label="MOD_ARTICLES_CATEGORY_PLUS_PLAYER_CODE" description="MOD_ARTICLES_CATEGORY_PLUS_PLAYER_CODE_DESC" rows="10" cols="50" />

                <field name="menuitem" type="menuitem" default="45" label="MOD_ARTICLES_CATEGORY_PLUS_ITEMID" description="MOD_ARTICLES_CATEGORY_PLUS_ITEMID_DESCRIPTION">
                    <option value="none">MOD_ARTICLES_CATEGORY_PLUS_OPTION</option>
                </field>

                <field name="frontpage" type="radio" default="0"
					label="MOD_ARTICLES_CATEGORY_PLUS_FIELD_FRONTPAGE_LABEL"
					description="MOD_ARTICLES_CATEGORY_PLUS_FIELD_FRONTPAGE_DESC">
					<option value="1">JYES
					</option>
					<option value="0">JNO
					</option>
				</field>

			</fieldset>

		</fields>
	</config>
</extension>
